sample_id	cluster_id	size	mean	std
BM33_M	1	6	0.3596298194770878	0.03263173699737078
BM33_P	1	6	0.23860257690685785	0.05721063421201752
BM33_M	2	36	0.17476719701402885	0.009469032621536002
BM33_P	2	36	0.11452194257474922	0.0074633308786976734
BM33_M	3	85	0.05954955008119	0.002087285767286383
BM33_P	3	85	0.05970295333938254	0.0017949982946580455
BM33_M	4	1	0.6096527446606853	0.04858921048539559
BM33_P	4	1	0.7078655364200941	0.22042539416537393
