sample_id	cluster_id	size	mean	std
BM32_M	1	3	0.04319426846412353	0.012084742894664713
BM32_L	1	3	0.05782424304781978	0.018758676312083097
BM32_P	1	3	0.0416627516427075	0.014255827963939803
BM32_M	2	13	0.10010288767409041	0.015015351882695194
BM32_L	2	13	0.09997105053802516	0.01451844993051906
BM32_P	2	13	0.10142065891840649	0.011332999955766749
